Name,Record,Height,Weight
Shamil Abdurakhimov,18-4-0,190,235
Daichi Abe,6-1-0,180,170
Juan Adams,3-0-0,195,265
Israel Adesanya,14-0-0,193,185
Jessica Aguilar,20-6-0,162,115
Kevin Aguilar,14-1-0,170,155
Omari Akhmedov,17-4-1,182,185
Yoshihiro Akiyama,"14-6-0, 2NC",177,170
Junior Albini,14-4-0,190,265
Alexandra Albu,7-0-0,160,115
Iuri Alcantara,"35-9-0, 1NC",175,135
Hector Aldana,4-0-0,180,170
Irene Aldana,8-4-0,175,135
Jose Aldo,26-4-0,170,145
JJ Aldrich,6-2-0,165,115
Abdul Razak Alhass...,9-1-0,177,170
Sultan Aliev,14-3-0,182,170
Arnold Allen,13-1-0,172,145
Thomas Almeida,22-3-0,170,135
Eddie Alvarez,"29-5-0, 1NC",175,155
Jaime Alvarez,7-1-0,172,125
Thiago Alves,27-12-0,175,170
Warlley Alves,13-2-0,180,170
Sam Alvey,"33-10-0, 1NC",187,205
Makwan Amirkhani,14-3-0,177,145
Eryk Anders,10-1-0,185,185
Corey Anderson,12-4-0,190,205
Megan Anderson,8-3-0,182,145
Jessica Andrade,18-6-0,157,115
Magomed Ankalaev,9-0-0,187,205
Nina Ansaroff,8-5-0,165,115
Gadzhimurad Antigu...,20-4-0,180,205
Adam Antolin,13-3-0,165,125
Zu Anyanwu,14-5-0,185,240
Shinsho Anzai,10-2-0,170,170
Josh Appelt,15-7-0,177,243
Felipe Arantes,"18-9-1, 2NC",172,135
Julio Arce,15-2-0,170,145
Andrei Arlovski,"27-16-0, 1NC",190,240
Austin Arnett,15-4-0,182,145
Cyril Asker,9-4-0,182,247
Raphael Assuncao,27-5-0,165,135
Olivier Aubin-Merc...,12-2-0,175,155
Jessin Ayari,16-4-0,182,170
Abu Azaitar,"14-1-1, 1NC",177,185
Siyar Bahadurzada,23-6-1,180,170
Humberto Bandenay,"14-5-0, 1NC",185,145
Tae Hyun Bang,18-10-0,175,155
Renan Barao,"36-6-0, 1NC",167,135
Maycee Barber,4-0-0,165,115
Bryan Barberena,13-5-0,182,170
Edson  Barboza,19-5-0,180,155
Raoni Barcelos,12-1-0,170,145
Josh Barnett,35-8-0,190,250
Enrique Barzola,16-3-1,170,145
Mirsad Bektic,13-1-0,172,145
Vitor Belfort,"26-14-0, 1NC",182,185
Marco Beltran,8-7-0,172,125
Joseph Benavidez,25-5-0,162,125
Gabriel Benitez,21-7-0,172,145
Ryan Benoit,10-5-0,165,125
Keith Berish,"5-1-0, 1NC",182,185
Dennis Bermudez,17-9-0,167,145
Manny Bermudez,13-0-0,177,135
Talita Bernardo,5-2-0,162,135
Anton Berzin,5-2-0,187,205
Matt Bessette,"22-9-0, 1NC",177,145
Magomed Bibulatov,14-1-0,165,125
Chris Birchler,7-4-0,190,205
Michael Bisping,31-9-0,185,185
Jan Blachowicz,21-7-0,187,205
Curtis Blaydes,"10-1-0, 1NC",193,265
Dashawn Boatwright,3-1-0,182,205
Kyle Bochniak,8-3-0,170,145
James Bochnovic,8-3-0,193,185
Tim Boetsch,21-12-0,182,185
Ray Borg,11-3-0,162,125
Steve Bosse,12-2-0,180,205
Poliana Botelho,7-1-0,172,115
David Branch,21-4-0,185,185
Martin Bravo,12-2-0,172,145
Tom Breese,11-1-0,190,185
Henry Briones,19-8-1,172,135
Jarred Brooks,13-2-0,160,125
Will Brooks,18-4-0,177,155
Damien Brown,17-12-0,177,155
Matt Brown,23-16-0,182,170
Randy Brown,10-3-0,190,170
Travis Browne,18-7-1,200,255
Derek Brunson,18-6-0,185,185
Dennis Bryant,5-1-0,185,205
Wuliji Buren,10-5-0,175,145
Shane Burgos,10-1-0,180,145
Joshua Burkman,"29-17-0, 1NC",177,170
Mads Burnell,9-3-0,175,145
Gilbert Burns,14-3-0,177,155
Martin Buschkamp,"9-0-0, 1NC",175,145
JP Buys,4-2-0,167,125
Charles Byrd,9-4-0,177,185
Alex Caceres,"14-11-0, 1NC",177,145
Priscila Cachoeira,8-1-0,170,125
Joanne Calderwood,11-3-0,167,115
Cynthia Calvillo,6-1-0,162,115
Frank Camacho,21-6-0,175,155
Brian Camozzi,7-5-0,187,170
Chris Camozzi,24-13-0,187,185
Carlos Candelario,7-0-0,172,125
Ronaldo Candido,6-1-0,170,125
Guido Cannetti,8-3-0,167,135
Jared Cannonier,10-4-0,180,205
Bryan Caraway,21-9-0,172,135
Antonio Carlos Jun...,"11-2-0, 1NC",187,185
Liz Carmouche,11-6-0,167,125
Tim Caron,9-2-0,185,185
Johnny Case,22-6-0,177,155
Cortney Casey,7-5-0,170,115
John Castaneda,14-2-0,170,135
Magnus Cedenblad,14-5-0,190,185
Henry Cejudo,12-2-0,162,125
Donald Cerrone,"33-11-0, 1NC",185,170
Luan Chagas,15-2-1,182,170
Alex Chambers,5-4-0,160,115
Gabriel Checco,10-2-0,185,185
Mark Cherico,11-2-0,170,145
Michael Chiesa,14-4-0,185,155
Giga Chikadze,5-1-0,182,145
Dooho Choi,14-2-0,177,145
Katlyn Chookagian,10-1-0,175,125
Joachim Christensen,14-6-0,190,205
Misha Cirkunov,13-4-0,190,205
Devin Clark,9-2-0,182,205
Heather Jo Clark,7-6-0,167,115
Jessica-Rose Clark,"9-4-0, 1NC",165,125
Mitch Clarke,11-5-0,177,155
Jamie Colleen,4-1-0,160,115
Jake Collier,11-4-0,190,205
Christian Colombo,8-3-1,195,265
Carlos Condit,30-12-0,187,170
Amanda Cooper,4-4-0,160,115
Michael Cora,4-2-0,180,170
Daniel Cormier,"21-1-0, 1NC",180,235
Bethe Correia,10-3-1,165,135
Paulo Costa,12-0-0,185,185
Oscar Cota,"10-1-0, 1NC",187,203
Rashad Coulter,8-4-0,180,245
Colby Covington,14-1-0,180,170
Nathan Coy,15-7-0,177,170
Paul Craig,9-2-0,193,205
Allen Crowder,"9-3-0, 1NC",190,245
Jim Crute,8-0-0,187,205
Dominick Cruz,22-2-0,172,135
Jay Cucciniello,9-1-0,170,145
Zak Cummings,21-6-0,182,170
Patrick Cummins,10-4-0,187,205
Alton Cunningham,5-0-0,187,185
Chris Curtis,19-5-0,177,170
Ion Cutelaba,"13-3-0, 1NC",185,205
Cris Cyborg,"20-1-0, 1NC",172,145
Henrique da Silva,12-4-0,190,205
Cindy Dandois,8-3-0,170,135
Jarjis Danho,"6-1-1, 1NC",187,265
Beneil Dariush,14-4-1,177,155
Alexis Davis,19-7-0,167,125
Brandon  Davis,9-4-0,177,145
Mike Davis,5-1-0,182,145
Hakeem Dawodu,7-0-1,172,145
Grant Dawson,12-1-0,177,145
Martin Day,5-2-0,175,125
Angel De Anda,18-6-0,175,225
Chris De La Rocha,5-2-0,193,250
Mark De La Rosa,10-1-0,167,125
Montana De La Rosa,9-4-0,170,125
Marcos Rogerio De ...,15-6-1,185,205
Germaine de Randam...,7-3-0,175,135
Mackenzie Dern,7-0-0,162,115
Alessio Di Chirico,12-2-0,182,185
Marc Diakiese,12-3-0,177,155
Tyler Diamond,9-2-0,170,145
Hacran Dias,23-6-1,172,155
Adrian Diaz,11-5-1,177,145
Nate Diaz,20-11-0,182,170
Nick Diaz,"26-10-0, 1NC",182,185
TJ Dillashaw,16-3-0,167,135
Rico DiSciullo,"9-2-0, 1NC",342,69
Russell Doane,15-8-0,170,135
Drew Dober,"19-8-0, 1NC",172,170
Shana Dobson,3-3-0,167,125
John Dodson,21-9-0,160,135
CB Dollaway,18-9-0,187,185
Rafael Dos Anjos,28-10-0,172,170
Junior Dos Santos,19-5-0,193,238
Todd Duffee,9-3-0,190,260
Joe Duffy,16-3-0,177,155
Evan Dunham,18-7-1,177,155
Tom Duquesnoy,"15-2-0, 1NC",170,135
Merab Dvalishvili,7-3-0,167,135
Rolando Dy,"9-6-1, 1NC",172,145
Frankie Edgar,21-6-1,167,145
Abdul-Kerim Edilov,16-4-0,185,205
Johnny Eduardo,28-12-0,170,135
Leon Edwards,16-3-0,182,170
Te Edwards,6-1-0,172,155
Darren Elkins,25-6-0,177,145
Jake Ellenberger,31-14-0,175,170
Joe Ellenberger,15-2-0,175,155
Tim Elliott,16-8-1,170,125
Ramazan Emeev,17-3-0,177,185
Jamall Emmers,13-4-0,177,145
Josh Emmett,13-2-0,167,145
Oliver Enkamp,7-1-0,182,170
Julian Erosa,22-6-0,185,145
Carla Esparza,14-5-0,154,115
Jordan Espinosa,"12-5-0, 1NC",167,125
Jodie Esquibel,6-4-0,160,115
Sijara Eubanks,4-2-0,162,125
Rashad Evans,24-8-1,182,205
Ashlee Evans-Smith,6-3-0,172,125
Tonya Evinger,"19-6-0, 1NC",170,135
Jessica Eye,"12-6-0, 1NC",167,125
Melinda Fábián,4-3-2,167,125
Bartosz Fabinski,14-2-0,182,185
Kalindra Faria,18-7-1,170,125
Paul Felder,15-4-0,180,155
Carlos Felipe,8-0-0,182,245
Tony Ferguson,25-3-0,180,155
Cezar Ferreira,14-6-0,185,185
Diego Ferreira,13-2-0,175,155
Deiveson Figueiredo,14-0-0,165,125
Andre Fili,18-5-0,180,145
Rafael Fiziev,5-0-0,172,155
Luke Flores,7-1-0,182,155
Rob Font,15-4-0,172,135
Jussier Formiga,21-5-0,165,125
Marcel Fortuna,9-3-0,185,205
Donavon Frelow,6-3-0,167,135
Matt Frevola,6-0-0,175,155
Claudia Gadelha,16-3-0,162,115
Justin Gaethje,18-2-0,180,155
Mitch Gagnon,12-4-0,165,135
Mickey Gall,4-1-0,187,170
Tom Gallicchio,19-11-0,177,170
Cody Garbrandt,11-1-0,172,135
Alex Garcia,15-4-0,175,170
Elias Garcia,6-1-0,165,125
Kelvin Gastelum,"16-3-0, 1NC",175,185
Joe Giannetti,7-1-0,182,155
Trevin Giles,11-0-0,182,185
Gregor Gillespie,12-0-0,175,155
Alex Giplin,10-1-0,170,145
Rick Glenn,21-5-1,182,145
Mark Godbeer,13-3-0,187,240
Marcelo Golm,6-1-0,190,249
Takanori Gomi,"35-14-0, 1NC",172,155
Jason Gonzalez,11-4-0,187,155
Pearl Gonzalez,6-2-0,162,115
Lyman Good,"19-4-0, 1NC",182,170
Jared Gordon,14-2-0,175,155
Tebaris Gordon,3-0-0,185,235
Thibault Gouti,12-4-0,177,155
Damian Grabowski,20-5-0,185,241
Davey Grant,10-4-0,172,135
Dwight Grant,7-1-0,185,170
Alexa Grasso,10-2-0,165,115
Shelton  Graves,7-3-0,187,265
James Gray,4-2-0,175,135
Kevin  Gray,9-4-0,162,125
Bobby Green,24-8-1,177,155
Desmond Green,21-7-0,177,155
Max Griffin,14-5-0,180,170
Garrett Gross,11-6-0,175,155
Chris Gruetzemacher,14-3-0,172,155
Wang Guan,20-1-1,175,145
Clay Guida,34-15-0,170,145
Marcelo Guimaraes,9-2-1,182,185
John Gunther,7-1-0,175,155
Alexander Gustafss...,18-4-0,195,205
Damir Hadzovic,12-4-0,175,155
Yazan Hajeh,6-0-0,170,145
Ryan Hall,6-1-0,177,145
Uriah Hall,14-9-0,182,185
Anthony Hamilton,15-9-0,195,260
CJ Hamilton,11-5-0,170,125
Nasrat Haqparast,9-2-0,177,155
Dan Hardy,"25-10-0, 1NC",182,170
Greg Hardy,1-0-0,195,265
Walt Harris,11-7-0,195,250
John Hathaway,17-2-0,185,170
Phillip Hawes,4-2-0,185,185
Nick Hein,"14-4-0, 1NC",167,155
Ian Heinisch,10-1-0,180,185
Marcin Held,23-7-0,175,155
Johny Hendricks,18-8-0,175,185
Luis Henrique,"10-4-0, 1NC",187,243
Danny Henry,11-2-0,182,145
Ed Herman,"24-13-0, 1NC",185,205
Jack Hermansson,17-4-0,185,185
Alexander Hernandez,9-1-0,175,155
Anthony Hernandez,6-0-0,182,185
Alvaro Herrera,9-5-0,182,170
Felice Herrig,14-7-0,162,115
Jimy Hettes,11-3-0,175,145
Angela Hill,8-4-0,160,115
Tyler Hill,6-1-0,193,170
Mizuto Hirota,19-9-2,170,155
Andrew Holbrook,12-2-0,180,155
Chris  Holdsworth,7-0-0,180,135
Kevin Holland,13-3-0,190,185
Max Holloway,19-3-0,180,145
Holly Holm,12-4-0,172,145
Kurt Holobaugh,"17-5-0, 1NC",180,145
Scott Holtzman,11-2-0,175,155
Sabah Homasi,11-8-0,182,170
Barb Honchak,10-5-0,162,125
Dan Hooker,18-7-0,182,155
Darrell Horcher,13-3-0,177,155
Jeff Hughes,10-1-0,187,258
Mark Hunt,"13-12-1, 1NC",177,265
Al Iaquinta,13-4-1,175,155
Dan Ige,9-2-0,170,145
Naoki Inoue,11-0-0,172,125
Teruto Ishihara,11-5-2,170,135
Blagoy Ivanov,16-2-1,180,251
Jason Jackson,7-3-0,185,170
Mike Jackson,1-1-0,187,170
Montel Jackson,6-0-0,175,135
Ryan Janes,10-3-0,190,185
Rony Jason,"15-7-0, 1NC",170,145
Joanna Jedrzejczyk,14-2-0,167,115
Chanmi Jeon,5-2-0,167,115
Li Jingliang,14-5-0,182,170
Brett Johns,15-1-0,170,135
Demetrious Johnson,27-2-1,160,125
Jordan Johnson,9-0-0,187,205
Kajan Johnson,22-12-1,180,155
Michael Johnson,18-12-0,177,155
Timothy Johnson,12-4-0,190,265
Daniel Jolly,5-3-0,185,205
Antonio Jones,7-0-0,182,185
Jamelle Jones,7-5-0,182,205
Jon Jones,23-1-0,193,205
Justin Jones,9-2-0,180,185
Krzysztof Jotko,19-5-0,185,185
Alan Jouban,16-6-0,182,170
Silvana Juarez,6-2-0,160,125
Luke Jumeau,13-4-0,180,170
Chan Sung Jung,14-4-0,170,145
Myles Jury,17-3-0,177,145
Bharat Kandare,5-3-0,170,135
Kyung Ho Kang,"13-7-0, 1NC",175,135
Nadia Kassem,5-0-0,165,115
Brad Katona,8-0-0,167,145
Calvin Kattar,18-3-0,180,145
Brian Kelleher,19-9-0,167,135
Daniel Kelly,13-4-0,182,185
Song Kenan,13-4-0,182,170
Jeremy Kennedy,11-1-0,180,145
Casey  Kenney,7-1-1,170,125
Rustam Khabilov,21-3-0,172,155
Adam Khaliev,6-0-0,177,170
Alfred  Khashakyan,8-4-0,172,135
Jacob Kilburn,3-1-0,175,145
Dong Hyun Kim,16-8-3,180,155
Dong Hyun Kim,"22-4-1, 1NC",187,170
Ji Yeon Kim,7-1-2,170,125
Jeremy Kimball,15-8-0,182,205
Justine Kish,6-2-0,165,125
Drakkar Klose,9-1-1,172,155
Jason Knight,20-5-0,177,145
Erik Koch,15-6-0,177,155
Syuri Kondo,6-1-0,162,115
Karolina Kowalkiew...,12-2-0,160,115
James Krause,23-8-0,187,155
Pascal Krauss,11-2-0,185,170
Kiichi Kunimoto,"19-6-2, 1NC",177,170
Yana Kunitskaya,"10-4-0, 1NC",167,145
Kwan Ho Kwak,9-2-0,170,135
Aspen Ladd,6-0-0,167,135
Ryan LaFlare,13-2-0,185,170
Tina Lahdemaki,5-1-0,157,115
Ricardo Lamas,18-7-0,172,145
Austen Lane,4-1-0,200,245
Lina Lansberg,8-3-0,170,135
Chad Laprise,14-3-0,177,170
Ilir Latifi,"15-5-0, 1NC",177,205
Jenel Lausa,7-4-0,165,125
Joe Lauzon,27-16-0,177,155
Robbie Lawler,"28-12-0, 1NC",180,170
Tom Lawlor,"10-6-0, 1NC",182,205
Thanh  Le,7-1-0,175,145
Mickael Lebout,"14-5-1, 1NC",180,155
Justin Ledet,"9-1-0, 1NC",193,240
Andrea Lee,9-2-0,170,125
Kevin Lee,16-4-0,175,155
Cheyden  Leialoha,6-1-0,172,135
Thales Leites,27-9-0,185,185
Amanda Lemos,6-1-1,162,135
Nik Lentz,"30-9-2, 1NC",172,155
Derrick Lewis,"20-5-0, 1NC",190,260
Hyun Gyu Lim,13-7-1,190,170
Dhiego Lima,14-7-0,187,170
Juliana Lima,9-5-0,165,115
John Lineker,31-8-0,160,135
Pingyuan Liu,11-5-0,172,135
Artem Lobov,"14-14-1, 1NC",175,145
Hector Lombard,"34-9-1, 2NC",175,185
Benito Lopez,9-0-0,177,135
Matthew Lopez,10-4-0,170,135
Joseph Lowry,7-0-0,177,155
Vicente Luque,13-6-1,180,170
Veronica Macedo,5-2-1,162,135
Reza Madadi,14-6-0,180,155
Don Madge,7-1-0,182,155
Neil Magny,21-7-0,190,170
Rashid Magomedov,20-2-0,175,155
Ruslan Magomedov,14-1-0,190,242
Zabit Magomedshari...,15-1-0,185,145
Demian Maia,25-9-0,185,170
Jennifer Maia,15-5-1,162,125
John  Makdessi,15-6-0,172,155
Islam Makhachev,15-1-0,177,155
Jimi Manuwa,17-3-0,185,205
Randa Markos,8-6-0,162,115
Julian Marquez,7-2-0,187,185
Jack Marshman,22-7-0,182,170
Tony Martin,12-4-0,182,155
Adriano Martins,28-9-0,177,155
Tiffany Masters,2-1-0,160,115
Jorge Masvidal,32-13-0,180,170
Jake Matthews,13-3-0,180,170
Don'Tale Mayes,4-2-0,198,260
Gray Maynard,"14-7-1, 1NC",172,145
Gina Mazany,5-2-0,167,135
Michael McBride,8-3-0,185,155
Ian McCall,13-5-1,165,125
Molly McCann,7-2-0,162,125
Court McGee,19-6-1,180,170
Conor McGregor,21-3-0,175,155
Sara McMann,11-5-0,167,135
Tim Means,"27-10-1, 1NC",187,170
Yancy Medeiros,"15-5-0, 1NC",177,170
Emil Meek,"9-4-1, 1NC",180,170
Gerald Meerschaert,28-9-0,185,185
Jordan Mein,30-12-0,182,170
Gilbert Melendez,22-7-0,175,155
Augusto Mendes,6-2-0,167,135
Chad Mendes,18-4-0,167,145
Alonzo Menifield,7-0-0,185,205
Jonathan Meunier,8-1-0,190,170
Bojan Mihajlovic,10-5-0,180,205
Curtis Millender,16-3-0,190,170
Jim Miller,"28-11-0, 1NC",172,155
Adam Milstead,"8-2-0, 1NC",190,205
Alberto Mina,13-1-0,182,170
Stipe Miocic,18-3-0,193,240
Frank Mir,18-11-0,190,264
Vitor Miranda,13-7-0,185,185
Toby Misech,10-4-0,172,145
Bryce Mitchell,10-1-0,177,145
Maurice Mitchell,11-1-0,175,145
Roxanne Modafferi,22-15-0,170,125
Bobby Moffett,11-3-0,177,145
Renato Moicano,12-1-1,180,145
Ashkan Mokhtarian,13-3-0,167,125
Nicco Montano,5-2-0,165,125
Marlon Moraes,21-5-1,167,135
Sergio Moraes,13-4-1,182,170
Sheymon Moraes,9-1-0,172,145
John Moraga,19-6-0,167,125
Albert Morales,7-4-1,175,135
Joseph Morales,9-1-0,167,125
Vince Morales,7-1-0,170,135
Sarah Moras,5-4-0,170,135
Brandon Moreno,14-5-0,170,125
Dan Moret,13-5-0,182,155
Alex Morono,"14-4-0, 1NC",180,170
Maryna Moroz,8-3-0,170,115
Jamie Moyle,4-3-0,154,115
Lauren Mueller,6-0-0,165,125
Belal Muhammad,14-2-0,180,170
James Mulheron,11-2-0,177,243
Pedro Munhoz,"15-3-0, 1NC",167,135
Alex Munoz,4-0-0,175,155
Lauren Murphy,10-4-0,170,125
Azamat Murzakanov,7-0-0,180,205
Nico Musoke,"13-5-0, 1NC",182,170
Magomed Mustafaev,13-2-0,175,155
Max Mustaki,6-2-0,182,155
Keita Nakamura,"33-8-2, 1NC",180,170
Rose Namajunas,9-3-0,165,115
Nad Narimani,11-2-0,172,145
Rafael Natal,21-9-1,182,185
Geoff Neal,9-2-0,180,170
Gunnar Nelson,16-3-1,180,170
Roy Nelson,23-14-0,182,263
Antonio Braga Neto,"9-3-0, 1NC",190,185
Nick Newell,14-1-0,177,155
Francis Ngannou,11-3-0,193,250
Ben Nguyen,17-7-0,165,125
Alex Nicholson,7-4-0,193,185
Matheus Nicolau,13-2-1,162,125
Jaimee Nievera,7-4-0,165,125
Antonio Rogerio No...,22-7-0,187,205
Sage Northcutt,11-2-0,182,170
Amanda Nunes,16-4-0,172,135
Khabib Nurmagomedov,26-0-0,177,155
Said Nurmagomedov,11-1-0,172,125
Kennedy Nzechukwu,3-0-0,195,205
Sean O'Malley,10-0-0,180,135
Volkan Oezdemir,15-2-0,187,205
Yushin Okami,34-12-0,187,170
Aleksei Oleinik,56-11-1,187,240
Michal Oleksiejczuk,13-2-0,182,205
Alex Oliveira,"18-4-1, 2NC",180,170
Charles Oliveira,"23-8-0, 1NC",177,155
Cameron Olson,"8-3-0, 1NC",185,205
Daniel Omielanczuk,"19-8-1, 1NC",182,247
Chibwikem Onyenege...,6-0-0,190,185
Brian Ortega,"14-0-0, 1NC",172,145
Dustin Ortiz,18-7-0,165,125
Rachael Ostovich,4-4-0,160,125
Zak Ottow,16-6-0,180,170
Sidney Outlaw,9-4-0,172,170
Alistair Overeem,"43-17-0, 1NC",193,265
Larissa Pacheco,10-2-0,170,135
Teemu Packalen,8-2-0,185,155
Rick Palacios,9-1-0,167,135
Alexandre Pantoja,19-3-0,165,125
Josh Parisian,7-2-0,193,265
Alan Patrick,15-1-0,180,155
Ross Pearson,"22-14-0, 1NC",172,155
Carlo Pedersoli,11-1-0,180,170
Tyson Pedro,7-1-0,190,205
Julianna Peña,9-3-0,167,135
Luis Pena,5-0-0,190,155
BJ Penn,16-12-2,175,145
Jessica Penne,12-6-0,165,115
Raquel Pennington,9-7-0,170,135
Godofredo Pepey,14-6-0,170,145
Viviane Pereira,13-1-0,152,115
Alejandro Perez,22-6-1,167,135
Alex Perez,20-4-0,167,125
Frankie Perez,10-4-0,180,155
Markus Perez,10-1-0,185,185
Mike Perry,12-3-0,177,170
Steven Peterson,17-7-0,175,145
Peter Petties,5-3-0,175,145
Anthony Pettis,21-7-0,177,155
Sergio Pettis,17-3-0,167,125
John Phillips,"21-6-0, 1NC",180,185
Kyler  Phillips,5-0-0,172,135
Vinc Pichel,11-2-0,177,155
Jamie Pickett,7-2-0,190,185
Oskar Piechota,11-1-1,182,185
Domingo Pilarte,8-1-0,182,135
Maki Pitolo,9-4-0,175,185
Dustin Poirier,"23-5-0, 1NC",175,155
Igor Pokrajac,"25-13-0, 1NC",182,205
Santiago Ponzinibb...,27-3-0,182,170
Devin Powell,8-3-0,182,155
Marcin Prachnio,13-3-0,190,205
Michel Prazeres,25-2-0,167,170
Niko Price,"12-1-0, 1NC",182,170
Joe Proctor,11-5-0,177,170
Lucie Pudilova,8-2-0,172,135
Claudio Puelles,9-2-0,180,155
CM Punk,0-2-0,185,170
Mike Pyle,27-14-1,182,170
Michel Quinones,8-3-0,177,155
Jose Quinonez,8-2-0,172,135
Ricky Rainey,13-5-0,185,170
Aleksandar Rakic,9-1-0,195,205
Davi Ramos,8-2-0,172,155
Ricardo Ramos,11-1-0,175,135
Bec Rawlings,7-8-0,167,125
Stevie Ray,21-7-0,177,155
Greg Rebello,24-8-0,182,226
Karl Reed,2-1-0,190,205
Wilson Reis,22-9-0,162,125
Chance Rencountre,12-3-0,187,170
Marion Reneau,9-4-1,167,135
Alex Reyes,,77,170
Dominick Reyes,9-0-0,193,205
Marco Polo Reyes,7-5-0,180,155
Amanda Ribas,6-1-0,162,115
Jordan Rinaldi,13-6-0,177,155
Diego Rivas,7-2-0,172,145
Jimmie Rivera,21-2-0,162,135
Karl Roberson,6-1-0,185,185
Danny Roberts,16-3-0,185,170
Roosevelt Roberts,5-0-0,185,155
Gillian Robertson,5-2-0,167,125
Luke Rockhold,16-4-0,190,185
Mike Rodriguez,9-3-0,193,205
Yair Rodriguez,11-2-0,180,145
Nick Roehrick,7-1-0,190,205
Yoel Romero,13-3-0,182,185
Mara Romero Borella,"12-5-0, 1NC",167,125
Charles Rosa,11-3-0,175,145
Ben Rothwell,36-10-0,193,265
Khalil Rountree Jr.,"8-2-0, 1NC",185,205
Ronda Rousey,12-2-0,170,135
Mauricio Rua,25-11-0,185,205
Frankie Saenz,13-5-0,167,135
Saparbek Safarov,8-2-0,185,205
Tarec Saffiedine,16-7-0,177,170
Jason Saggo,12-4-0,180,155
Ovince Saint Preux,22-11-0,190,205
Gokhan Saki,1-2-0,182,205
Muslim Salikhov,14-2-0,180,170
Boston Salmon,6-1-0,175,135
Andrew Sanchez,10-4-0,185,185
Diego Sanchez,29-11-0,177,155
Joby Sanchez,11-3-0,167,125
Roberto Sanchez,8-1-0,167,125
Luke Sanders,13-2-0,167,135
Cory Sandhagen,8-1-0,180,145
Hector Sandoval,14-4-0,157,125
Mike Santiago,21-12-0,177,145
Will Santiago,9-5-0,177,185
Leonardo Santos,16-4-1,182,155
Thiago Santos,17-5-0,182,185
Ulka Sasaki,20-5-2,177,125
Ben Saunders,22-9-2,187,170
Matt Sayles,6-1-0,170,145
Matt Schnell,11-4-0,172,125
Justin Scoggins,11-5-0,170,135
Bradley Scott,12-6-0,185,170
Neil Seery,16-13-0,162,125
Eric Shelton,11-5-0,167,125
Chase Sherman,11-4-0,193,250
Antonina Shevchenko,6-0-0,172,125
Valentina Shevchen...,15-3-0,165,125
Anderson Silva,"34-8-0, 1NC",187,185
Claudio Silva,11-1-0,180,170
Erick Silva,"19-9-0, 1NC",182,170
Felipe Silva,8-2-0,182,155
Joaquim Silva,10-1-0,172,155
Douglas Silva de A...,"25-2-0, 1NC",170,135
Ricky Simon,10-1-0,170,135
Everett Sims,4-1-0,182,261
Arjan Singh Bhullar,7-1-0,185,245
Mitchell Sipe,4-0-0,187,245
Dennis Siver,"23-11-0, 1NC",170,145
Chas Skelly,17-2-0,180,145
Anthony Smith,30-13-0,193,205
Devonte Smith,7-1-0,172,155
Leslie Smith,10-7-1,175,135
Trevor Smith,15-8-0,190,185
Dmitrii Smoliakov,8-2-0,187,253
Louis Smolka,11-5-0,175,125
Richie Smullen,3-1-1,175,155
Peter Sobotta,17-5-1,182,170
Emiliano Sordi,16-6-0,187,205
Dmitry Sosnovskiy,10-0-0,190,240
Joe Soto,18-7-0,167,135
Andre Soukhamthath,12-6-0,175,135
Livinha Souza,11-1-0,162,115
Ronaldo Souza,"25-6-0, 1NC",185,185
Ryan Spann,10-5-0,195,205
Eric Spicely,10-5-0,185,185
Daniel Spitz,6-2-0,200,245
Daniel Spohn,16-5-0,193,206
Austin Springer,10-3-0,172,145
Georges St-Pierre,26-2-0,180,185
Cody Stamann,17-1-0,167,135
Joshua Stansbury,8-5-0,187,205
Damian Stasiak,10-6-0,165,135
Dominique Steele,14-9-0,177,170
Jeremy Stephens,28-14-0,175,145
Aljamain Sterling,14-3-0,170,135
Maia Stevenson,6-5-0,162,115
Darren Stewart,"8-3-0, 1NC",182,185
Kyle Stewart,8-0-0,182,170
Lazar  Stojadinovic,12-6-0,170,145
Darko Stosic,13-1-0,182,20
Sean Strickland,19-3-1,185,170
Stefan Struve,32-11-0,213,265
Tatiana Suarez,7-0-0,165,115
George Sullivan,"17-6-0, 1NC",182,170
Justin Sumter,6-1-0,187,185
Cub Swanson,25-8-0,172,145
Khalid Taha,12-2-0,170,145
Mairbek Taisumov,26-5-0,175,155
Nordine Taleb,14-5-0,185,170
Brad Tavares,17-6-0,185,185
Danielle Taylor,9-3-0,152,115
Jesse Taylor,32-15-0,185,185
Shawn Teed,5-1-0,195,248
Glover Teixeira,27-7-0,187,205
David Teymur,8-1-0,175,155
Elias Theodorou,16-2-0,185,185
Stephen Thompson,14-3-1,182,170
Gleison Tibau,40-14-0,177,155
Darren Till,17-0-1,182,170
Andrew Todhunter,8-0-0,182,185
Jose Torres,8-0-0,162,125
Tecia Torres,10-2-0,154,115
Salim Touahri,10-2-0,177,170
Francisco Trinaldo,22-6-0,175,155
Michael Trizano,8-0-0,180,155
Abel Trujillo,"15-8-0, 1NC",172,155
Jon Tuck,10-4-0,180,155
Gavin Tucker,10-1-0,170,145
Tai Tuivasa,10-0-0,187,264
Zubaira Tukhugov,18-4-0,172,145
Ricky Turcios,8-0-0,172,135
Jalin Turner,6-3-0,190,155
Austin Tweedy,8-2-0,172,155
Marcin Tybura,17-4-0,190,249
Alberto Uda,9-2-0,190,185
Nick Urso,"10-4-0, 1NC",167,125
Kamaru Usman,13-1-0,182,170
Austin Vanderford,4-0-0,180,170
Lando Vannata,9-3-1,175,155
Paige VanZant,7-4-0,162,125
Manny Vazquez,11-2-0,177,125
Kelly Velasco,2-2-0,175,135
Cain Velasquez,14-2-0,185,240
Bojan Velickovic,15-6-1,182,170
Marlon Vera,10-5-1,172,135
Marvin Vettori,12-4-1,182,185
Polyana Viana,10-1-0,165,115
James Vick,13-1-0,190,155
Ketlen Vieira,10-0-0,172,135
Gian Villante,16-10-0,190,205
Alexander Volkanov...,18-1-0,167,145
Alexander Volkov,29-6-0,200,250
Chase Waldon,11-3-0,185,185
Randall Wallace,15-7-0,180,185
Jimmy Wallhead,29-11-0,177,170
Charlie Ward,3-3-0,180,170
Terrion Ware,17-7-0,172,135
Michelle Waterson,15-6-0,160,115
Chris Weidman,14-3-0,187,185
Fabricio Werdum,23-7-1,193,231
Sheldon Westcott,10-3-1,185,170
Alex White,12-3-0,182,155
Craig White,14-8-0,187,170
Emily Whitmire,3-2-0,165,125
Robert Whittaker,21-4-0,182,185
Adam Wieczorek,10-1-0,195,250
Rob Wilkinson,11-2-0,190,185
Jordan Williams,8-2-0,182,185
Patrick Williams,8-7-0,172,135
Tim Williams,15-4-0,187,185
Justin Willis,6-1-0,185,264
Jonathan Wilson,7-3-0,187,185
Matt Wiman,16-7-0,177,155
Eddie Wineland,23-13-1,170,135
Nathaniel Wood,14-3-0,167,135
Tyron Woodley,18-3-1,175,170
Jordan Wright,9-0-0,185,185
Yan Xiaonan,"8-1-0, 1NC",165,115
Yan Xionan,"8-1-0, 1NC",165,115
Song Yadong,"12-3-0, 2NC",172,135
Rani Yahya,"25-9-0, 1NC",167,135
Alexander Yakovlev,23-8-1,190,170
Norifumi Yamamoto,"18-6-0, 2NC",162,135
Petr Yan,8-1-0,170,135
Wu Yanan,9-2-0,172,135
Hu Yaozong,3-1-0,190,242
Ashley Yoder,5-4-0,170,115
Shane Young,11-4-0,172,145
Sodiq Yusuff,6-1-0,172,145
Aiemann Zahabi,7-1-0,172,135
Elizeu Zaleski dos...,19-5-0,180,170
David Zawada,16-4-0,182,170
Tiequan Zhang,18-4-0,172,155
Weili Zhang,16-1-0,162,115
Cat Zingano,9-3-0,167,135
Allan Zuniga,13-2-0,170,155
